Text,Label
___ _____________ _______________ _________ _____________ __________,2
_________ __________________ _______ _______________ __________,1
_________________,3
________ ___________ ___________________ ___________________ _____________ ____ _________________,1
__________________,0
___________ ________ ________,3
______________ _______ ____________ ________________________ __________ ________ _____________,1
______________ __________ ______________ __________________,5
__..._______,5
_________________ _______________ ,4
__________________ _____________,2
___________,0
____________________________________________________,1
___________________ ___________ _____________ _____________ _____________,1
_________________________________,2
______________ __________________ _________________ _______________ ___________ ____________ __________ ________________ __________,4
________________ ________ ___________________ _____________,5
__________________ _________ ______________,1
__________________________________________________________,4
________ ____________________ _____________________________,3
__________________________________________,5
_____________ ___________________ ______ __________ _______ _________ ,1
______________________________ ____________________ __________ ______________________ _______________________,4
___________ _________________,4
________ _____________ __________ __________ __________ ,0
____________________ ____________ _____ _____________________,2
_______________________________________ ________ ___________ ______ ______ ______________ _____________ _________ ______________________ ________________________ ____________________ __________________ _____________________________,0
________ _____________,1
_________ ____________ ___________________ ________________,5
__ _______ ________________ ___________________ ___________ __________ ____________ _______ ____________________,3
________________ ____________ _______ ____________ _____________ ,1
___________  _______ ___________________ ______________________ ______________ _____________________ ________ ________________ ______________ ____________ ____ _______________________ _______________ ________________ __________________________________________ _________ ___________,2
___________ ______________________ ,3
________ _______________,1
"_______________________________
__________________________",5
______________________________________________,3
_____________________________________________,2
_________________________ ____________ _______________,0
____________ ___________________________,3
___________________,3
_________________________ __,1
______ ___________ ___________________ ____________,2
____________ __ _________ ___________ ___________ _________,1
_______ ______________ ______ __________________,2
______________ _____ ___________ ________________,5
___________ _______________________,3
____ ________________,0
____________________________________________,3
______________________________________________________________,5
___________________ ________ ________________ ______________ _________________ _____________,3
_________ ________ _______________________,2
__________ ______________ _________ ___________,0
______ _____________________________ ___________ ,3
_____________ ____ _______________________,0
______ ___________________ __________________ _ ________ __________________ __________,4
______________ ________________ _____________,1
__________ ______________,1
___... ___ ___________________ ______ _________ _____________,5
_______ ______ ______________ ______________________ ___________ ________ __________,5
_________________ __,1
_____ _________ ________________ _____ _______ _________________,0
_____________ _____________________ _________________ ___________(__)___ ________ ___ ____________________ ________________,5
__________________________,1
_______ ______ _____________ __________________________ __________ _________ ____ __________________ ___ ______________________,4
________________ ___________,0
________________________________________________,1
_________ ________________ Company_ _____ Offer letter________,5
_____________ __________________ ____ _________ ________ ________________,4
__________________________ __________,3
_________ _______________________ ,3
__________ ________ ________,0
___________ _____ _______________ ______________,3
_____ ______________,0
____________________________________________ ,2
____________________________,1
___ _________________ __________________________________ _________ __________________,4
_________________,0
____ ____ ______________________________________________________ ,5
_________________,4
______ ____________________ __________ ______ ______________,0
________ _____________,1
__________ _____ _____________ ______,4
______________________,1
____________________,3
_____ ________ ________ ________________ ____________ _________,5
_____________________________,2
______________________,1
_________ __________________,0
_____________________ ___ __________ ________________ ______________,5
__________________,1
__________ ________ _____________________ _________________ _______________ ___________________ ________________ ________ _______________,2
_______________________________________ ,2
____________________________________________________,0
______________________________________________________,5
__________________________ ,3
__________________________________________________,5
__________________ _________ __________ ______________ __________,5
_______________________ ________ _________________ ___________________ _________________,2
________________ ____________ Dinner__________,2
_______ ________ _______________________ _________ __________,5
______________________________,0
_____________ _______________ ________ ____________________ _____ ________________ ______________ _____________ ________ _____________________ ________,0
_____________________,3
____________________,0
__________________,0
_________________,3
________ ________ _______________,5
_____________________________________________,5
_ _______ _______________ ___________ __________ _____________ _______________,3
_______ _______ _______________ __________________ ____________ ___________________ _____________________________ _______ ____________ ________________ __________ ________ _________ __________________ _____________ __________,2
____________________,2
___ _______ ,5
_______ _______________ _________,0
__________________ __________ _________________,0
____________________________________________________,0
__________________________________,3
_____________________________________________,2
____________ ________________ _______ _______ _________ _____________ __________ _________________________ _______________,4
__________ __________________ _______ _____________ ______________ ____ ________ _________,2
_____ _______________,0
_____ _____ ____________________,4
__________,3
________________ ___________,1
__________________,2
__________________________________________________________________,1
_______ ___________,1
______ _______________________ _____________________ ___ __________ _________ _____ ,5
___________________,3
____________________________________________________,1
________________,2
____________ ____________ _______________________,2
_______________________________________________,1
________________,1
_________ bonus ___________ ____ Surprise _______,5
_____________ order _____ ______________ _________________ ________,5
_________________________________________________________,3
_______________________ ___________________,1
___________________,2
________ ______________ __ ____ ______________,4
_________________________ __________________ _______________,2
____ __________ ____________ ,5
________________ ___________________ ___________________ ________________,3
_____________,1
______ ________________________ ______________________________ _______________ __________________,5
____________________ ___________________,5
_____ ___ ________________ ,3
__________________________________ ,2
________ ____________________ _______________________________ ______ ____________________,3
______________ ___________________,4
____________ _______ ________________ _________ ___________ __________________ _______ ____________________,0
_____________________________ ,2
__________ ________,0
____________ _____________ ,4
_________________ ________ _________________,4
____________________,1
___________________ ________________,1
_________________________ _________________________ ___________________,3
_____________ ______ ________ ___________,0
___________________,4
__________________ ______________ ___________________,0
___________________,3
______________________ﾉ,0
_______________________________________________________________,0
___________ ____________ ______________________ _________________ ___________________ ______ ___________________ ________________,3
 ___ ______ _____________,0
___________,0
____________________,2
__________ ____________ ,3
________ _________________ ____________ ____________,1
_____ ___________ ________________ __________ _______________,5
_________ ______________,0
__________________________,4
____ __________ _____ ___________ _________________ ______ ________ _______ ______________,1
_______________,5
_________________________ ____________,3
_______________ ____________________ ________________ ____ _______________,0
___________ _________________ _____ ___________ ______________,0
____________ ___________ ______ ___________ ______________,4
________ ___________,1
_____ ______________ __________ _______________________,5
________________,5
_____________________ _____________ _____________________ ,5
_______ __________ ______________,3
____________________________,0
_______ _______________ __________ _____________________,2
___________ ____________ ________,1
__________________________________________ __________________________ ________________ ___________________,3
______________ __________ ___________,1
___________ ___________________ ______________________________ ___________,1
_______________________________ _________ _________ __________________________,2
_____________________________________,0
___ _________________ ______ ____________ _____________ ____________,3
______ ______ __________ _______________________ _________ ___________________________,3
_______________,1
_________ __________ __ ____ __________,4
___________________________________,0
______________ __________ _______________ _________________,0
_________________________________ ,2
____________ ________ __________________,3
_____ _____________,1
____________ ________ _______ __________________________,0
________ ______ ______________ ________________,3
______________ _________ _________ __________ ________________ ________ ______,0
_________________________,0
_________________________________,5
______ ______________________________ _____________,4
_____________________,2
_______________________,2
_____________ ____________ second ___________________________ _____,2
_____________ ,5
____ ___ _______ __________________ __________________ ,5
___________________________ ,3
______ ___________ __________ _______ _____________ ______ ____________,3
_________________ ______,0
________ ________ _________ ________ __________________________ _______________________,4
________________ _______________________ ________ __________ __________,0
___________ ________________ __________________ _______ __________________,0
_____ ___________ _________________ _________________ _______________________________ ______ _________,2
________ _____________,0
__________ _____________ _____________ ___________________________,1
______ _________________ ________ ___________ _____________ __________ ____________ _____ ______________,3
______________________,3
________________________ __ ___ _________ ______________ _______,5
_____________ _________ _________________ __________________________ _____________________________ ___ ______________ ______________________,1
__________________,5
__________,5
_________________ ______________,2
________________ ______________ ____________ _____________,4
____________________________________________,2
_____________ _____________________ __________ ___________ ___________ _________ _______ ___________________ ______ _ __ __________ _________ _____________________ _______ ________ ____________________________ ______,0
________ _______________________ ,4
ﾒ____________ ____________________________ﾓ ________ ___________________ ______________ ____________,0
_________ ________ __________ _________ _______ ___________________ ________ _______________________,1
________________ _____________ __________ _________________,0
____________,5
____________________ _________ ______________,2
___________ ___________ ___________ _________ __________ __________,3
______________________________________________,4
______ _______ _____________________ _______________,5
____________ _______________ _______________________,0
_________________ ________ ________________ ___________________,1
_____________________ _________ ______________________ ________________ ____________ _______________________,0
_____ ____ ______________ ______ ______________ _____________ _____________ ___ _____ _________,3
________ ____________ __________ ______________ ,4
_______ _____________ __________ _______ ______________________,3
_______ Korea town________ Idol _______ ____________ Surprise__,5
___________ _____________ ___________ ____________________,5
___________ _________________ _______ ___________ ___________,0
_____________________,1
__________________ _________________________________,5
___________ Function_ production___ Error_______ _______,4
________________________,3
__________ _____________ _______________________,2
___________ _____________ ,4
______ __________ _________ __ ____ ____________,3
________________,1
____________________ ________________ _________ _________ ___________ ____________,0
___ _______,1
_________ ________ ,5
_________ ____ ________________________ ,4
_______ _________ _____________ ___________,0
_________ _____________________ ______________ _____________,1
___________ ___ _____________ ______ _____ ___________,3
______ _____________ ___________ ________ ___________,0
______________,1
______________ _________ ____________________ __________ ________ ____________,4
___________________________,2
_______________________________________,3
_____________________,2
________ _________________ _______________ ________ __________ __________________,4
______________________________ _______________ _____________ _________________ _______ ________ _______________ _________________________ ____________ ___________________ ______ ______________ __________________ _____________________,2
___________________________ _________________,1
_______ ______________ _______ __________ ____________,2
_______________ _____________ _____________________________,2
________________,1
"__________________
_________ ___________ _________
_________ ___________ _________________ 
________ ____________ _______________
_____________
___________ _________ ________ ________________ ______________________",4
______________________ _________ ,4
______ _______________ _______ ___________,0
_______________________,2
_________________ _______ _______________________ ,5
______________ __________________ ________ ________ _______ _____________________,3
_____________ ____________ ________,0
__ ______________ _________ ______ __________ ________ ______,4
__ _________ _______________ ____________ __________ ___________________ _________________,4
_______________,0
_____ ________________ ___________________ _______________,1
_______ ______________________,0
____________________ __________ ____________________ ,2
______________ ______________________ ____________ ____________ ___________________ _____________________________ _________________ _________________,1
__________ __________,0
________________________________,4
___________ __________________ ____________ _______ _____________,1
______________ _________ ______ ___________,3
__________________________________,0
___________________,3
__________ __________________ ________ ____________,4
_____________ _________ _ Toxic _______ ______________________ __________ _______________ ,0
______________________________,5
__________________,3
_______________________________________________ ,2
______ __________________ _______ __________ ____________ ___________,4
________________ __________,1
_____________,1
_________ ______________ _____ ___________________ __________,4
_________ __________ ___________________ ______________ ___________,2
_____________________,1
____ ___ ______________________ _________________ ____________________________ _______________,1
__________ ________________ ________ ______________,4
________________ ___________________________ _______ _____________________ ______________ ____________,0
____________________________________________________________,0
__... _____ ______ ____________ __________ ___________,5
___ ________________ _________________ Aug Leo ________________ ______ __________________,5
_________ ____________  ________ ____________________  _________________ ___________________,1
___ __________ _____________ _____________ _____ ___ ___________ ___ ______,3
_______________,0
___________________,3
____________ _________ __________ ____________________ ____________,0
_____________ __ ,3
______________________,3
_______ ______________,0
___________________________________________________,2
______ __________________________ __________ ______________,1
______________________ ____________________ ,4
_________________________,0
_______________ ________,4
_________________________ ﾉ _________,1
___________________ __________ _____________ __________,0
_____ _______________ _______________ __________________ __________________ __________________,4
_____________________ ______________________ _______________,1
________ ___________________ _____________________,1
____________________________ ,2
__________________________ ______________ __________________ ___________ _____________________ _____________________,2
____________________________________________,5
________ _____________ _______ ______ _________ ____________________ ______ ___________ __________________ _________ ________....,0
_______ _______________________ __________ _____ ________________ _______,2
______________________ ___________________ ____________________________ __________________,2
______________ _ __________________ _ ________________________________ _________________ ________ _________,4
_____ _________ _________ ________________________ ______,1
________________ ____________________________ __________ _________ _________________,3
____________________,0
_______?!,5
_________________ _______ __________ ___________ _________,5
________ _______________ ___________________ _________________ _______ ___________,1
______________ ___________ ______ _________ ____________,2
______ ___ _________ ,5
______________ ____________________ ____________ ___________________ ____________,3
______ ______________ __________________ __________ __________,4
_______ ____________________ ___________________________ _____________________________,0
_______ ______ ______________,5
_______________ _____________ ___ __________ _______________________ ______ _______ _____ ___________________ ________________ ______________________ ______ _______________ ,1
_________________________ _________________ ____________________,0
___ ________ _________,0
_____________________________________________________,1
__________________ __________,1
__________________________ __________ ______________ __________________ _____________________ __________ _____________________ ________ __________,1
_________ _____________ _______________ _______________ ____________ _________,4
_____________________________________ ___ _______ _______ ________ _______ shape _____________ __________________,1
_________ _________ _______________ ________________ ______________ _____ _______________,4
________________________________ ,2
_________________________________________,0
_________________________ _____________________________,3
____ _____ ___________________ _____ ___________ ______________,5
________ __________________ _____________ _________ ________________________,0
____________ _________ _______________ _____________,2
_______ ___________ ____________ ___________________________ ___________ _____________ ______________ ______________ _____________________________,0
__________________________________ ________________________,1
________ ___________ ___________________ ________ _____________,2
________ __________ ________________ ______________,4
____________________,2
_________________________________________________ _________,4
_____ ________ ___________ _______ _ __________________ ___________ ____ ________ _________ ________ ,3
_____________ ____________________ _____________________ __________,0
________ ____________________ ,4
_________________ _______________________________________,3
______________ ,3
______ ____________ _____________ _______ ____________,2
______ _______________ ___________ ______ ______________,3
____________ _______ __________,2
__________________ _____________ ______________ _____ ____________,4
___________________________________________________,3
______________________,1
__________ _____________ _______________ ,5
_________ _____________ _____________ ________ ____________ ___________ ____________ __________________________,3
____ _______________ ___________________________________________ _____________________________________________ ________________ ______________ ___,1
______ __________ __________ _______________,2
_________________,1
________________________,4
____ ________________ ________________,2
___ ,5
___________________________________________________,1
_____________,1
________ _____ ________ _______ _______________,3
____________ ______________ ,0
____________ _________ _______ ________________ ___________________ ________________,4
______________ ,3
__________________________________________,4
______________________________,2
________________________________ ,2
_____________ message_________________________,5
_____________________ _____________ ,3
_______________________,4
__________________ __,2
_____________,1
___________________________ ,3
_______________ ____________________,0
________________________ ____________,0
_______ ____________ _____ ____ _____________,3
_______________,0
________________ ___________ _____________,1
______ ______ ______ ________________ __ ____ _____________,3
Database___ row_____ Delete__ Where_______ ____________________ __________________,4
______ _____________ _______ _______ _________________,0
________ ________________ _______ ____________________ ___________,3
_____________________,3
________________ ______________ ___________________ _____________________,0
________________ ___________,1
____________ _______________,1
_________ _______________ ______ ______________ ______ ______________________ _________ _______ ______ ____________________ _________________,4
__________ ____________________,3
__________________ ___________ __ _______________,4
_________________________ ___________ ___________,4
________ ____________ ____________ _________ __________ ____ _ ____________,3
____________________________________________,2
___________ ____ _______________,1
__________________ _____ __________ ________________ ____________ __________,3
_________________________________________,1
_________________ ________ _________________ _______________________,1
____ __ ______ _____________ ___________________ __________ ________________ __________________________  ___________ ____ _ ____ ____________________ ______ _ ____ ____________________,0
____________________________,0
__________________________________________________________,0
____________________ _____________ ______ __________________ ________ _________________ ________ ________________ __________ __________,0
______ ____ __________ __________________ _______ _______________,5
_______ ,5
__________________,2
_______________ ____________________ ___________________ _______ _____________,0
_____________ __________ ________ _______ _______ ________________________,1
___ __________________ _____________________ ___________,4
__________________,0
_______________ ______________________ ,3
_____ _________ ________ ________ ___________ __________ __________ _________________ ____________________,0
_________ _____________________ _________ ____________ ___________________,4
__ ______________ __________________,4
_________ _____________,0
______________ ______________ ____________,5
___ __ ___________________________ ,5
__________ ___________________ ________________ ___________________ _______________ ___________________,5
_______________,4
________________ ______________________ ,3
_______ __________ _______________ ___________ ____________________ __________________,1
________________________,0
______________________________ ___________ ________________,4
_______________ _____________ ____________ __________ _______________,1
_______ _____________ __________ ______________,0
___________ ______________ ______________________ __________,5
________ _____________________________ ,4
_______________________,4
_________ _________ ____________ _______,2
__! ____________ __,5
_______________________________ _______________ _______________ ______________________,0
___________ ___________,0
______________________________________________,4
_________________ __________ ____________ _____________,0
________________ _________ ______________ ____________________ _______________________,3
___________________,2
_____________ _________________ __________________ ______ __________________,5
_______________ _________ ____________ ______________ ________... _______________ _____________________,4
___________ _________,0
__________ ___________________________ ,3
______________________ ________________ ____________________  _______________,5
Avengers End Game___ Cap_ Thor___ Mj嗟nir hammer_______ ____________ ____________,5
___________ ___________ _________ _______________________ ________________________,5
_______________ ___________________________ _________________________________,3
_____________ ______________,2
______________________,1
______________________ __________________ ____ __ __________ __________ _ __ _______ ___________ _____________ _____________________________________ ________ ____________________________ _______________ ___________________________,0
_______________ __,4
___ ___________ __________ __________________,5
_______ _________ ____________ __________... _______ __________ ___________________ ___________________ _____ _______ ,5
_______________________ ,3
__________ __________________ _________ ________________________,0
______________________ ________________________ _____________ ___________ ___________________ __________________ __________ _________________________ _______________________,5
______ ____________________ __________ ____________ ______________,0
________________________________________,0
_______________ _________________ _______ ____________,1
_____ _____ _____________,2
__________________,3
_________ _________________ _______ ________ ______ ____________________ ___________________,3
__________________________,1
___ ________ __________ ,5
__________ _____________ _______________________  ____ ____________,0
_____________________,0
______________________________________,3
__________________ _________ ,2
__________,5
___ _____________ ,4
_________ ___ _____ _____ _____________ ,2
_______________________________________________,4
_____________,1
_____ ________________ _________ ______________,3
_________________,0
_________________________________,5
________________________________________________,2
_____ ________ _____________ ____________ ___________,3
___________________________ ,2
________________________ ____________________,2
Mr. Bean_ ___ ________________ ________ _____________,2
_______ _____________ ____________ ___________,2
______ _____ _________ _________________ _____ ___________,5
_____________________,3
________________________________________________________,0
_________________________,2
_____________ ____________ __________,3
____________________________________________,5
_____________ _________ _______ ___________________,1
______________ __________ _______________________________ __________________________,2
____ ______ ________ ___________ __________________ ___________________,5
_____________ _________ _______ __________ ___________________ _________,4
_______________________ _______________ ,4
______ __________ _________ ________________ ______________________ ____________ _______________ ___________,5
_________ _________,1
________________ _________________ __________________,2
_______________________________________________________________,1
____ _______________ __________________ _________,4
__________________________________,3
__________________ _____________ ____________,5
_________________,5
_____ ______________ _______________________,1
___________________ ___________ __________________,0
____ ________ ______________ ________ __________________ __ _________________,1
___________________________,0
________________ __________ ________ ____________,2
__________ __________________________________ ,5
____________________,1
_________________ ____________ _____ __________________ _______________,5
______________________________________________,3
___________________________________,4
________ ___________,0
____________ ____________________ ______________,2
______________________ ___________ ______________________,4
_____________________________________________________________________________________________________,1
"______________ _______
""__________________ ___________________ ___________"" ____ _____________",5
___ _______ _________________________ ________ ___ ___________ ____________ ___ ____,1
________________,4
________ ____________ ____________________________ ,4
___ __________ _____________ ___ _______________ __________________ _______ ______ ___________ _________ ___________ ______________,3
_______________ _____________ __________ __________________ ______________________,5
_______ ____________________ ______________ ___________ _________________________,3
______________ __________,0
_______ ________ _________ __ ___________ ___________________,5
___________ ___ ________________________ _____________ ______________,4
________________________________________,3
______________________,4
___________________,0
_____________________________________________,5
_______________________,4
___________________________________________________,2
_________ ___________ _______ _____ __________,3
________ _________________ __________,4
__________________ ________________________________ __________________________________________ ______________________________,0
______ ____________________ ________________,3
__________ _______ _____________ __________________________ ____________ ______________________________,5
_________________________________________ ,2
____________ _____________ _________ __________________ ________________ ______________,4
________________ ___________________ _________________________ ____________ __________ _________ __________ ___________________________,5
____________ _____________________ ______________ ____________,0
_________________________ __________________________ ____________ ______________________,4
_____________ ______________ _______ ____________________ __________________,1
______________________,3
_______________________________ ,3
_________________________________ ,2
____________ ________________________ ___________ ______________ _________ ___________________ _______ ________________ _______________________,0
___________________ _____________ _________________ ___________________________,3
________________________ _________________________ ____________ _____________,0
_____ _______________ ____________ _____________ ____________,4
______________________ _________ ______________,5
____________________,0
__________ _______________ _____________,2
_______ __________ __________________ _______ ___________________,1
_______________ ______ _______ ___________ ___________,4
____ _______________ __ ________________,0
________________ _____________ ____________ ____ _________________ _______ ___ _________ ___________________ _____________ _______ ________ ____________ _________________ ____________________ ____________ __________ _______________ _________ ________________,1
__________ ______________ ______________________,3
__________________  _________________,3
______ _____________ _____ ________________,3
__________________________________________________,4
___________ ____________,0
______________________________________________,3
"___ _____________ _______________ ________________
_____________ __",5
____________________,0
_______ _____ ____________________ ________,3
_________________________________ ,5
__________________ ___________________ _______ ____________,0
______________ ____________ ___________________________,0
____________________ ,4
__________________________________________,4
_____________________,1
___________________________________ ________________ ______ _________________________________,2
________ ___________ ___________ ______________ ___ ________________,4
_____ ____________________,0
____________________________________________________,3
_______________ ___________________________ _____________________________,2
_____________________ ,3
_____________ ______,2
____________________,0
"____________________________________
____(__)_____________",5
__________________________,1
_______________________,2
____________________,2
_________________,1
____________________ ,2
_____ _____________,1
________________,4
_________________________,2
_______ _______________ _______ ______________,1
_______ ________________ _______ _______ _______________,1
_______________________________________,0
________ __________________ ____________________,4
_________ ______________________ ______________________ _________________________,1
_________________________ ,2
_________ _______ ________ ______ ____ __ _________________,2
"__________ ______________ ___________ ________
__________ _______",5
________ _________________________ ____________,5
____ _______ ______________ ,5
_________________,5
______ ____________________ _____________ ________________ ________________,4
____________ _____________________ _________________ ______________,1
_________________________________ ___________ __________________,1
_____ __________ _________ ________________,1
__________________________________________ ,2
____________________,0
_____________________________________,4
_____ _____________ ______________ __________________,1
_________________ __,3
______________________ ___________ ____________ ____________ __________________ _____________________,4
_______________________________________,0
___________________,1
___________________ ________________________________ ____________________,5
________________________________________ ,2
______________________________________,3
___________ ____________ _____________ ___________________ _____________________ ________________ __________________ ________ ___________ ________ _____________ __________,4
________ _______________ ________________ ___________________________,3
________________ _________ ___________ _______________________ __________,0
______________ _____ ________________ ____________________,0
__________________ _______________ _________ ____,2
_____ ___________ __________ ______________________,0
______________,5
____________________________________________,4
________ _______________ ________________,4
__ _________________ ________________ ,4
_________ _________ _________ _______________ _________,2
________________,1
_________________________ ,2
___________ ___________________ ____________________ _____________,0
_____________________,1
______________ ____________________ ___________ _______________ ___________________,1
___ ____________ _______ ___________ _________________ __________,5
____________________ ,4
______________________,4
________________________________________ ,2
_________ ________ _____ ______ _______________ __________,0
________ __________________,1
_____________ __________ ____________ ____________ _____________,4
______ _____ _________________ _________ ________ ____________ _______________,1
_________________ _________,1
_________________!,1
_________________,1
__________________________,2
__________________________ ___________ _______,1
_________________________ ___________ ______________,3
___ ________________________ ________ ________________,1
__! ________________ ,5
_______ ______ __________ ________ ____________ ____________,2
________________ ___________________ __________________________ ____________ __________________,1
_______________ _______________ ______________________ ___________ _____________________,0
______ ________________ ________ ________ _________ _________,5
______________________________,0
______________________,3
__ _______ ,3
________________ __________ __________ __________,2
______________________________ _______ ____________ ____________,2
______________________________________________________,1
____________________________________________________,0
____________ ________________ __________________,2
__________ _________ ________________ ___ ___________________,4
________ ____________,1
____________ _______________ ________________ _____________ _______________,2
_______________ _______ _______ _____________,3
______________ _________ ____________ _________ _________.,4
____________ ___________ ___________________ ___________ ___________,3
___________________________________ ,3
____ ____________ ____________ _____________ _____________ _____________,4
____ _______ __________ ______ __________ _______ ___________________,4
________________________,1
___________ _________________ ____________________,3
_________________________________________________________,1
_____ ____________ ______________ _______ _______________,5
____________ _________________ ____________________,3
__________ ___________ __________ ______________________________________,4
____________ _________________ ______________________,3
_________________________________________,0
________________,2
____________________________ ___________________ _________________________,0
___________________________________,5
_______________ _____________,1
____________,2
_____________ _______ ____________,0
________ __________________,0
___________ ________ ________________ _______ __________,1
____________________,2
_____________ ___________ ___________,4
_________________________________________,0
______________ ______________________,1
____________ __________________ __________________ _______ __________ _________ ______________,5
_____ __________ _____________________ ______________ ____________ _____________________,5
_________________,3
____________ ____________ ________ __________ ______ ____ __,3
__________ ____________________________ _____ ____________ _________ ____________,5
_______________________ __________________,4
_____________ _________ _____________ _________ _______________,2
________________ __________ _______ _________________________,1
_______________________________________,5
__________________ ____________ ________ _______ _________________,2
_______ ___________________ _________ __________________,5
__________ ____________ ___________ ____________,1
______________ _________,1
________________ ________ ______________ ________ (_______ _______ ______________)____ _____________________________________,2
______________ __________________ ____________ ___ ____________ ______ __________ ________________ ___________ ______________ __________,0
____ ________________ _______________ _____________,3
________________________________ ,5
_____ _____________ _________ __________ _______________________,5
________________________________________________________,1
_____________________,4
_____________ ___________________________ ____________ ________,0
___ _______________________ ,3
_________________ OT__________,0
__________ _______ ___________________ _____________,5
___________,5
____________________ __________,1
_________ ______ ______________ _____________,1
______________ ___________ ______________ ____ ______________,3
______ _______________ ______ ______________,2
_____ _____________ ________________ ____________ ________ ___________________,1
_________ _____________________________________ ,2
________ ______________________ ____________ _________ __________,3
________ _____________ _______________,3
________ _______________ _______________________ ________________,0
__________________ _________,0
__________________________,1
__________ ________________ _______________,0
_________________ _________ _______ _____________,2
______ _____________ ,4
______________,1
_________________________________________________,1
_____________________ __________________,0
_____________ ____________________________ ______________,5
_____________________________ ___________ ________ ____________ _____________,2
___________________ Surprise_______,5
__________________,1
___________________ (_-_) _______ ____________ _________ ________________,0
__________ __________________ ___________________,4
____________________________________________,0
_________ _____________ ______________ _________________,2
___________________________________________,0
____________________________________________,0
______________________________ ___________ _______________________,3
________________________________________________,5
_______________________________,4
_______________ _______________,2
____ ________________,1
___________ Texas __________ Freeway ___________________ ___________________________,0
__________________________________ ________________ ________________________ ______________________ ______________,5
_______________ _______________ ________________,4
____ __ ______ ___________________ _________ _______ ___________________________ ___________ ____ _ ____ __________ _______________ ______ _ ________________________,0
__________ ___________________________ _______________ ______ ________ ________________,2
_____________ ______________________________ __________,1
___ ______________ ______________ ___________,5
__________________________________________ ,2
________________________,3
_____________________________________,5
__________________________________________,1
______________________________________,4
__________________,0
_______________________,0
___________________________________________,1
________________,3
_______________ ______________,4
_______ ______________________ __________________ _________ _______________ ________________,4
_______________________ _______ _________________ ____________,4
_______________ _______ _______________ ___________ _____________ __________ ________________ ________ __________ ______________________ _,5
__________________,2
____________ _______ ___________ _________________ _______ ___ _________________ ________ ______ ___________ _____ _________________,5
____ ___________________ ,3
"_____________ _________ __________
__________ _______ _______ _________________",4
_______________________________________ ,2
________________________________________________,4
__ ______________________________ ___________,5
_______ ________ _________ ________ _________________ ________________ ______ ____________,0
_____________________ ______________ ,3
___ ____________ __________ ____________ ______________,2
__________,1
____________________,0
___________________ _____ _________________ ________ ___________ ________________,1
_________ _______________ ______ _______ _________ _______________ ____________,4
_________ ____________ ________ ________ _______________ _______________,3
____________________________________________,2
____________________________________,4
Surprise Party ___________ __ ______ ________________,5
______ ______________ __________________ ____________ _______ _____ _________________,3
__________________,5
______________ ______________ _________,0
__________________,2
_______________,3
______________ _____________,1
ATM_____ __________ amount ______________ _____________ ____________,5
________ ___________ _________ _____ ,4
_________________________________,0
__________ _________ ______________ ,3
____________________________________________ ,2
_________ _____________,1
___________ _________________ _________________,1
__________ _____________ _______________,4
_____ ____ ______________________,1
_____ ________ ____________ _________ __________________________,1
______________________________ ,2
________________ _________ ____________________ ______________,5
___________ _______________ _________________ _______________ ___________ _______________,0
_________________ _______ ___________________,2
_________ __________________ ________ _________________,2
____________________________ _____________,1
_______________,1
_________________ _________ _________________________ __________________________,5
__________ _ ___ _________________ ________ __________ __________ _______________ _______________ __________ _____________,5
Mk-I _________ ________________ M-6 ______________ ________________________ ______________ _________________,5
_________ __________ ____________ ____________ ________ _________,3
____________________________________________________,1
__________ ___________ ___________________ ____________ ________________,0
____________,1
___________________________________________________,2
_________________________________________,2
__! ____________________________________________ ,5
________ _________ _____ __________,2
________________,0
____________,5
___ _______ _________________ _______ ________ ___________,5
_______________________,2
______________ ______________ _________________,1
___ ___________ ,5
_________________ e-government _ _________ _________ ____________ ___________ ________________ Solution ________ ________________________ ,3
"__________ _____________________ _________________________ ___________ ___________ _________ , ________________________",0
________________ ____________ ___________ ____________________ ___________________________________,4
_______ __________ ________ _______________,4
_____________ ________ __________________ ____________ _____________________ ________________,4
______________ _____________ ________________________,3
__._.____ _______ __________ __________ _________ __________________ _____________ ______ ________ __ ___ _______________,0
_______________________,1
____________________,5
____________ _______ _____ _______ _________________,0
_______________ _____________ ________ ________ _________________ ___________ ______________,1
_____________________________ ,2
___ ___________ ______________________ _____________ ______________________ ______ ___ __________ __________ ___________,3
_________________________,0
______ __________________ ______ ______________ ________________________________,3
_____________ __________ ____________ _____________ _____________ _________________,1
____ _______________ _________ _____________ _______________,4
____________ _________ _____________,1
________ ___________ __________ _______________ _____________ ________ ______ _____________________________ _______ ______________,3
_________________ __________ ____________ ______________ ______________________,1
____________________________________________________________________________________,1
_________________________________________,5
__________________________,2
_____ ___________________ __________________,4
"________ ____________________
________________ _________",4
___________________ ____________ ,2
___ ___ ______ _____________,0
__________ ___________________ ______________ __________________ ___________,2
__ __________________ _______ _______ __________ ________,5
____________________________,4
___________________ _____________ ,4
_______ ________________,0
_________ _________________ _______ _________ _______________________ ___ ____________ _____ __________ _______________,3
_____________________,2
______________ ____________,1
________________________________________ ,0
___ _________ ,5
____________ ______________.. ________________ ________ ____________,4
__________ ______ ______ ________ __________________,3
__________ _____________ __________________ ___________________ _________________ ______________,3
________ interview ____________ ____________________ __________________,4
_______ _______________ ___________!,4
_________________,0
________________ _______ ______________ _______ __________ _____ _______ ___________ _____________,4
______________________,3
_____ ________________,1
_______________ ____________ ___________ __________ _____________ _________________,4
________________________________,0
___ __________________ _______ _____________________,2
______ ___________ _____________ ,4
__________________,0
_______________________________________________,0
______ ______ ____________ __________ ________________ __________ _______,3
___________ _____ ____________ ____________________  __________________ _______________________________ ______________,2
___________________________,0
_____________________________________________________________,0
_______________ ___________ ____________ Wallpaper__________,2
___________ ___________________ _______ _____________________ __________ _____________ ____________,3
_______ _______________________ ,4
________ _______________ ___________________ ____________________ ______________ _______ _______ ___________ _____________ ______ _ ________,0
________________ __________ _______________ _____________ ________ __________ ________ _____________________,1
____________________________,1
______________________ ______________ ______________________________ _____________,2
_________ ________________ __________ ________ ___________,5
_________ _____________ _____________ ______________________,1
_________ ________________,1
______ _________________ ______________ _________ _____________,1
_____ ____________________________ ________________________ __________________ ________________________ ________ _________________________ _________________________ customer service ___________________________,5
______________,5
_______________,5
_____ __________________________ ______________________________,4
__________ ____________ ________ __________ ______________________ _______________ __________,2
________ _________________________ ,4
__________ ____________ _______________ ______________________ ________,5
_______ ________ ______________________ ________________,0
__________________ ___________ _______,3
_____________ ______ ____________ ___________________ ______ _____________,3
______________________,2
_________________________________________,2
___________ ________________ ____________________ ________________ _____________________ __________________ _______________________________ ,4
_____________ _______ ______________ _________________ _______________ ___________ ____________________,0
_________________ ______________________ __________________ _________ _________ __________ _______________________________,1
_______ ________________ _______ ______________,4
________________ _____________ ___________ ______________ _____________ ________ _________ _________________ ____________,4
________ _____________ ________ ___________________,4
_____________________ ,3
__________________________________ _________ __________________ ______________ _______ ___________________ ____________,5
___________ ____________ _______________ ____________________ ________ ____________________ ______________ _____________________________________________ _____ __________ ____________,3
__________________ ________ ________ ________________________,0
________ _____________ _________ __________ ___________________,1
_____________ _____ ___________ ________ __________ _____________,2
______________ __________ ,3
_________________ ________,1
________ ________________________________________ ,4
________ __________________ _______ ____________________ ______________ _______________ ____________,1
_________________,2
______________________________________________ ,2
____________________ ______ _________ _______ ______________,2
___________ _____________ ______,3
________________,1
_______ __________________ __________ _______________________________,0
________________,2
_______________ __________ ________________ ________________ ____________ __________,0
"_________________ ______ ______________________ ______________ ""_________ ___________ ___________ _____________ __________________"" _______ __________",3
________ ________ ________________ _____ __________ _____________ _____________________ ____________________,0
_____ ______ ___________ ________________________________,5
__________________________,0
________________ _______ ___________________ ,4
_______________________,2
______________________ ______________,4
_______________________________________________,0
____________ _________ ____________ ,3
______ - ________ __________ ______ ____________ - ____ _______________ ______ _____________ ________________ _______ ___________________ ______,1
______________1kg____________________________ ___________,1
________ ______ ________ _______________ ____________,3
____________________ _____________ _____________ ___________,0
____ ____ _____ ________________ _________ _____________________ ____________________ ___________ _________ __________________ ___ _________________ __________ _______________,4
______________,1
______________ __________ ________ __________ _____________________ _____________ __________________ ______________ ,4
__________ ____________ ___________ ___________________________,1
__________ _____________ ,4
________ ___________ _____________ _____________,0
__________________,3
"_____________________
__________ ______________",4
_________________,0
_______ ___________ ____________________ ______________,5
_________________________,3
_______________________,1
___________ _________________ _____________,3
___________________________________________,4
____________ ________________________ ____________________________ ______________ _______________ _____________,0
__________ _____________________ _________________________ ____________ _____________________,1
________ _______________________ ,4
__________________ _______________ ___________,0
____________ ________________________________ ___________________ ______________________________,1
_______ _____________ ________ __________ ________________,2
______________________,0
_______________________________,0
_______ ________ __________________ ___________ ________,3
_______ ___________ ___________ ____________________ ___________,0
______ _______________ ________ _______________ _________________,3
________________ _____________,2
________________ _________ ___ _______________ _______________________ ____________________________,4
____________ ________ ____________________,5
_______ ____________,0
_____________ ___________ ____________ ______ _______________ _____________________________,1
_______ ____________ _________,0
_______ ,3
_________________,2
________ _____________________ _________________ __________________,0
__________ ____________________________ ___________,5
________ ________________________ presentation ______ __________ __________,5
_________ ___________________________ ___________ _______________________,1
__________ _____ ________ _____________ _____________,2
_________ ________,0
_______________________________________,0
_____ _______________ __________ __________ _________________________,0
____________ _________ _________ ________ __________________,1
____________________ ____________ ____________________,2
__________________ _____________________ ______________________________,5
__________________,0
___________________________________________________________,5
________________________________________________________,1
________________________________________________ ,5
_______ _______________ ____________ __________________,2
__________ ____________________ __________ __________,3
_____ _______________,0
______ _______________________ _________ _________________ ________________,5
_______________,1
______________________ _____________ ,4
_______________________ ____________,1
_____ ____________________,3
__________,5
________ ____________________ ,4
___ __________ _______ ________ _____ _______________ ________ ___________ ________________________ __________ ________________ _________________ ___________________________________,1
_______________________________________,3
______________________,2
___________________ ____________________ ____ __________________ _______ _________________________ ____________________ __________________________,2
__________ ______________________ ____________ ___________ ________ ______________ _____________ ________________ ________,4
________ _____________ ______ _______ ________,0
_______________ ________________ _____________ __________ ________ ______________ _______ ___________,1
____________________,4
________________ _______ ___________________ _____ ____________ ,3
___ _____________ _______ _______ ____________,5
___________ _________________ _____ ___________ ______________,0
_________________ ________________,0
___________________________________,5
______________,3
_____________________ ,3
________________ _________,1
________________ ____________ _____________________ ____________ _______________ _______ _________________ ________________________,4
_________ _______________,1
____________________,0
____________________________________________,2
________________ ________ ______________ ________ Vibe_________ _________________ ____________ ____________,5
____ ________________________________ ________________________,5
______ ____________,1
___... _____ ____ ____________ _____________,5
__ __________________ ____________ ____ ___________,4
_____________________,0
____________________________ _____________,4
_________ __________ _______________ _____________ ________ _______,1
_______________,1
_______ __________ ______ _________ ______________,4
_____________ ___ ___________ _______________  _______ ____________________________ ____________,1
___________________ ___ ,3
_____________________ __________________________ __________________________________________________________,1
_________ _______________,3
__________________________,2
_____________________,2
_______________ _________________ ___________ _______________ ________ _____________________,1
______ _______________ _______________ __________,0
_________ ___________________ _________ ______________ _________,4
___________ ______ ____________ _____________,0
_________ ______________,0
__________ _________________ _________ _______ _________ _____________ __________,1
___________________,5
_____________ _______________ _____ _________________ _____________,4
__________________,1
___________________________,0
_______________________________ ,2
_____________ _________ ______________,0
_____________ ______________ ___________ ______________,3
________________ _________________,0
___________ ____________ ,3
__ ______ _______________ ____________ _______ ________________________,4
___________________ _________ ______ _________________ _______________,2
_______________ _______________ ,3
__________ _______________ ,4
________________ _________ _________________,3
_______ ______________ ____________________ __________________,5
_____________________________________________,2
_______________ ___________ ,4
___________________________________________________,3
_____ __________________ _______________ __________ ____________,1
_____ ________________ _____________,1
_______________________ __________________ __________________________,0
________________ ,2
________________________________ ,2
_________ _________ _________ _______________________________ ______,2
___ _______ ____________ ___________ __________________ ___________,5
_________ _______ GED tutor _____________________ _____________ __________________ active _________________ __________/_____ _________________ ____________________ ______ __________________ ________ Study Diary _____________________________,2
________ __________________ ___________ ,4
_______________ ________,1
_______ _____________,0
________________ _____ _________ ________ ____________,1
___________ ______________ _,2
___________________,2
____________________________________,3
___________ ________________ _____________,0
____________________ ___________ _______________ _________________ _____________________,3
_________ __________ _____________ ______________ _______________ ________________ _________________ ___________________________ __________________________ ___________________,3
____________ _______________________________ __________________ ___________________ __________________ ___________________ _____________ _________ ______________________,2
________ ____________,0
_________________________________________________________,1
___________ __________ __________ _____________,2
__________ ________ ___________________ _______________________________,0
_______ ________________ _____________ ________________,2
_______________________,1
__________________ _______________ _______________ ______________________________ _________________________ ,4
_________________ _________________ ________ ______________ _______________ ________ ______ _____ ______________________,3
_____ _____________ ____________________________ _______________ ______________,3
__________________________,2
_________ ___________________ ____________________ _________ ___________________________ ______________,0
__________ _______ ______________ ___________,5
_______________________,4
_________________ _____________ ____________ _________,0
______ _______ _________,5
______________ ________ _________________ ________________________! _____________ __________ ___________,2
__________ ______________________,2
__________ __________ ___________ _______________,2
___________________________ ____ ______ ____________________________ ____________ ________ _____________,2
_________ _________ ___________ ________ ______________________ _______ _____________________ _______ ___________ ___________,2
______ ____________ ___________ ________________,2
_______________________________________ ,2
__________________________ ____________________,0
___________________,3
____________________ _____________ ___________________ ______ _______________________,3
__________ _________________________________ __________ _________ ______________________ _____________________________________,4
_____________________________ ,3
___________________________ ,2
__________ ____________________ ____________________________ _________ _____________,1
______________ ________ ______________ ______________ __________________ ______________ _________________ _____________________ ____________________,5
_____________________ ___________,2
____________ _______________________,3
_____ ______ __________ _________ _________________,5
____________________________________ ,2
________________ __________________ _______________________,5
__________________________________________,5
_____________________,0
_______ _______ ____________ _______________,1
______ ___________ __________________ __________ _________________ ________________,0
________________________,2
_______________________ _____________ ___________,2
____ ___________________,0
________________________ _____________________ _____ _____________ __________________________ _________________________________ __,5
_____________ ____________________ _________ _______________,0
________________________________________________________________,2
__________ ______ _______ ___________ _____________ ______ ___________ ________ _____________ ________,2
__________________________________,0
_______________________________________________,5
_________________________ ______ __________ _______ ______________ ____________________________ _________________ ___________________,5
_______________ ________ ________________________________________ __________ _____________ _______________________________,5
______________ _______ _____ _____ _________ _____ _____________,5
____________ _______________ _______________,2
__________ _________! _________ __________ ____________,3
__________ ______________ ______ ____________ ________ _______ _________,4
________________________________________,2
______________________,1
__________ ______ _________ _________,1
__ _______ __________ ______________________,2
______ __________,1
____ ____________ ____________ ___________ __________,4
___________ _____ _______________________ _________________ __________ ___________________ ________,4
__________________________________________________,3
_________ ________________ ______________________ ,3
_____________________ ___________ ________ ____________,5
____________________________ ________________________________ __________________ ______________________,0
______ ____________________ __________________ ____________,4
_________________________ ___________________________ ____________________ ______________________ __ _________________ ______________ ______________,3
________ _______________ ________ ____________ ___________________,1
____________ _________________ __________________ ____________________ _________ ______________ ____________ ________ _____________ ___________ ________ ______________,0
______ _________________ _____________,0
________________ ____________ ___ ________________,2
_______________________ __________________ _____________,2
______________________,1
_________________ _________________ ____________ ___________,0
_________ ____________________ ________ _________________ _______________ ________________ __________________,3
_________________ ____________ _____ ____________________ _____ __________,3
__________ _________ _________ ____________ _______________ ________________ ____________________________ __________ _______ __________________,2
_______________,1
____________________________________________________,3
___________________ ,5
_______________________________,2
_______ ________________ _______________ _________ ____________________ ___________________ ____________ __________ ______________________ ______________ ________________ ________ _______________ ___________________________ _____________,4
_________________________________________,5
___________________________________________________________,1
______ _______________ _______________ ______ _________ ______ ____ ______ __:__ ___ ____________________ _________________,0
_______________ __________ ______ __________ _________ ________ __________,2
_______________________ ______________________________,5
_________________________________,4
___________ ___________ ___________ _______________________________ _______ ___________ ____________ ________ ________________,4
______________ ________ ___________ __________,3
______ _________________ _________________ __________ ______________,0
________ ________ _______________,0
_______________________________,4
_________ __________________,1
______ ________________ ,1
__________ _________________ ___________________ _____________ _________________,2
______________________,2
___________________,2
__ ______ ___________ ____________ ________________ ______________ _______________,5
_____________ _____ ______________,1
_____________,2
_________ _______ _______________ __________________,0
_____________________________,2
__________ ________ ________ ________________,4
____________________,0
__ project _____________ __________ ____________ ___________,4
_______________________________________ ,2
_____________________________ ,2
__________ ,5
____________________________________________,5
___________ __,1
____________ ____________ ____________,5
____________________________________________________,1
____________________________________,4
__________________ ___________________ ______________ ____ __________ ________ __________ _________ __________________ _____________ _____________________________,5
__________________ __________________ _______ ______________________ ___________ ____________,4
________ _______________________ ,4
_____________ _______________,5
_________________________ _____________________ ___________,0
____________________,4
__________________________________________________,1
________________ _________________ _______________ _________________,4
______________ _________,1
_____________ __,1
_____________________________,0
_____ __________ _________________ _______,2
___________________________,4
_________________,2
__________________________,1
__________ ____ __________ ________________,2
___________________________________________________,5
_______________________ ,3
__________________ _______ ______ _____ _____________,3
_____ ______________ _____________ ,4
___________________ ____________ ___________________ _____________________,5
______________________________________,4
________________ ____________________ _________,3
___________________ ________ ______________,2
__________________ ________ ____________ __________________ ____________,4
___... ___________ __ ____ ____________________,5
________________ _ ______ _________ ________ ________________ _______________,5
___ ____________ _____________________ ________,5
______________ ___________ ______________________ ,4
__________________________________________,3
_______ ___ ________________ __________ _________ _________________,2
____________ __________________ ___________________ ____________________________ _______ ____________ ____________ ________________ ____ _ _________ ______________ ________ __ ______________________ ________________________ ______________,0
_________ _____________________,4
________________,3
______________________________,2
___________________________________________,0
____ ______________ ______________ __________ _________________ _____________________ ________ _________ _________ ____________________,5
__________ ______________________ ,3
_________________________,2
_________________________________,2
______ ________ _________ ___________________________,4
___ _______________ _________________ ____________________,2
_______________ __ ___________________,0
_________________ __________ _______________,0
______________ _________________,1
_________ ____ ___________ _______ _______________,1
______________________,0
_____________________________,2
_____ ______________ ___________________________ ___________________ ________________,0
__________________ ___ ____________ ________ _______ ___ _________ __________ ________,3
_______________________ ___________________,2
_______________,1
______________________ ________________ ,4
__________________ __________________ _____________ _______ ,2
_______ _______ _____ ________ _______________ ________ _____________ _________ _,1
__! ____________________ ,5
_________________ _________ _________________________ _________________ _______________ _____________ _________________,2
__________________ _____________ __________ _______________,1
______________ ______ __________,1
____________________________________________,4
__________________________________ ,2
__________ _________ _____________ _______ _____________________,1
__________ _______ _______________ ___________,4
____________ ___________ ___________ __________________,1
7_____________ ______________ _____________________________________________________,0
_____________ ______________ ________ ______ ____________ ______________________ ____________ __________________________ __________,3
_____________________ __________ __________ _______________ ______ ______ ______________ ______ ________ ____________________ _____________ ________________,1
________________________________,2
______________________ _____________ ______________ _________ ________________ ____________,4
___________ __________________ _____ ______ _________________..,3
______ ________ ________________ ___________ ________ ______________ ______________,4
_________ _____________ _________________,3
______________,5
__________________ _____________ ,4
______________ ,4
___ __________ ____________,2
_____________________,2
________________ _________ _______ _______ GED __________ ________ _____________ ______ _______ _____ _____________ _________ _ _____ __________ _________ ________ ____________ ______ ___________ ______ ___ _____ _______________ _______ _____ _______ __________ _______________ ___________ ___________,1
_______________________ ____________________________________ ________________________ ________________,2
__________ __________,0
____ _____ _____________ _____________________ ____________ _________________ ____ _________________,0
____________ _________________________ ________________________,3
__________________,2
______________________________,0
_____________________________________,3
________________ ______________ _______________________,1
_____________ _________________ _____ _______________ ___________________,5
______________________________________ ________________ _______________________________,5
_______________ _______ __________,3
______________ ____ ________ __________________ ____________ ______________ _________,3
_____________ _______________ _______ ____________ ________________,2
_________________________,4
________ _______________ _______ _______________ ___________________________ ________________ _________________,3
_________________,3
____________ _____ ___________________ _______________________ _________________________ ____________ _________________,0
________________ ______________ _________________,4
____________ __________ ______,1
_____ _ _____________ __________ ____ __________________ _______ ________________ ____________ _______ ___________________,5
____ _______ _________________________ ___________ ____________________________________,2
________________________ ,4
______________,3
______ ________ _____________ ______________________,2
_____ ______ _______ _____________ __________ _________________________ _________ __________ ______________________,1
_______________ ___________ _______________________ ____________ _____________ ________,3
________________________________ ,2
___________ ________ ____________ ________________ ______ ___ _______ _ ____ ________ _________ ________________,5
__________________,2
____________________,4
__________ ___________________________ ________ _____________________,3
__________________________ ______________________ ___________,0
________ _____________________ ,3
__________ _____ ___________________ __________________,1
______________ _________ ___________________ _____________ ______________ ______________ _______________,4
"_______ _________ ___________
_____ ___________ __________________________ _________ __________",4
Grab _______ driver _ ________________________ __________,5
_______________________,1
_________________ data ___________________ ___________,4
_________________________________________________ ,2
______ ____________ ____________________ _____________ ___________ _____ __________________________ _________ ______________ ____________________________,5
________________,3
_____________ _________ _______ ________________ _______ _________ ____________,2
___________ _______________________ ,3
___________________ ______________,3
_____________ ____________________________,0
_____________________ ___________________ ________________,2
_________ ___________ _______ ________________________ ____________,1
__________________ ________________ __________ _________________ _________________,2
___________________________________ ,2
__________________,1
_______ __________ __________ ________________________________ ___________________ ___________________________ ____________ _____________________ ____________ _________ _________ ___________________ __________,3
_________ ____________________ _________________ __________ _________________ _______________________ _____________ _______________________,3
__________________________________________,4
__________________________,0
_________ ________ ______________,4
______________ _______________ ______________..,2
___________________________________________,3
_____________________________ ,2
__________________________ ________ _____________ __________,5
_____________ ____________________________,5
________________ _______________ ______________ ________,1
______________,0
_____________ ____________ _____________ __________ ______ ___________________,3
________ ____________ _________________ _________ ________________,1
_______________ ____________________________________________ ____________________________________________,3
_________ ______________________ _____________ _______________ ___________ ____________ ___________,0
_______________,3
__________ ________________,2
___________ ______________,0
___________ __________ __________________ ________ ______________,3
_______________  ________________ ,4
___________________ _________ _________________ ___,0
___________ _____________ ___ _______________,2
__________________,1
___________________________ ,2
__________ _______________ ___ _________ _______________,5
______________________ ____________ ,3
LDRS_________ ___________________ ________________ Surprise___________,5
________ ___________ _________ _______ ____ ___________,3
_____________________ ________ ________ ______ _____________________________ __________________ ____ _______ _______________________________,2
____________ _____________ ,3
______________ _________ __________ ____________ ____________ _____ ___________________ ______________,0
_____________ ________ __________________ ____________________ ________________,4
______ __________________ ______________________________,4
_______ _______________ _________ _________ ________________,1
_________________________,2
___________________,2
______ _________________ _______ ____ ______________________,3
__________ ________________ _________ __________ ____________ __________________,0
__________ ___________ ______,2
_______ ________________ ________________________ ________ ___________________ ____________ _____________ ________ _______________________,3
_______________________,4
__________________ _______________ ____________ ____________________,4
_________________,0
__________ _________________ _________________ __________ ___________ ________________________,4
_______________ _____ _________________ _____________ ______________ _________,1
__ ____________ ______ __________________ ___________________,4
_______________________________________________,0